"question_id","subject","concept","ground_truth","student_answer","label"
"1","Vật lý 10","Định luật 1 Newton (quán tính)","Nếu một vật không chịu tác dụng của lực nào hoặc chịu tác dụng của các lực có hợp lực bằng không thì vật giữ nguyên trạng thái đứng yên hoặc chuyển động thẳng đều.","Vật đang đứng yên hay đang chạy đều thì cứ giữ y như vậy nếu không có lực nào tác động, hoặc các lực tác động triệt tiêu nhau.","dung"
"2","Vật lý 10","Định luật 1 Newton (quán tính)","Nếu một vật không chịu tác dụng của lực nào hoặc chịu tác dụng của các lực có hợp lực bằng không thì vật giữ nguyên trạng thái đứng yên hoặc chuyển động thẳng đều.","Em nghĩ là khi hợp lực tác dụng lên vật bằng 0 thì vật sẽ không thay đổi vận tốc, tức là nếu nó đang đứng yên thì tiếp tục đứng yên, còn nếu đang chuyển động thì tiếp tục đi thẳng với tốc độ không đổi.","dung"
"3","Vật lý 10","Định luật 1 Newton (quán tính)","Nếu một vật không chịu tác dụng của lực nào hoặc chịu tác dụng của các lực có hợp lực bằng không thì vật giữ nguyên trạng thái đứng yên hoặc chuyển động thẳng đều.","Nếu một vật không chịu tác dụng của lực nào hoặc các lực tác dụng có hợp lực bằng không thì vật sẽ giữ nguyên trạng thái đứng yên hoặc chuyển động thẳng đều.","hoc_vet"
"4","Vật lý 10","Định luật 1 Newton (quán tính)","Nếu một vật không chịu tác dụng của lực nào hoặc chịu tác dụng của các lực có hợp lực bằng không thì vật giữ nguyên trạng thái đứng yên hoặc chuyển động thẳng đều.","Một vật không chịu lực nào tác dụng hoặc hợp lực bằng không thì vật giữ nguyên trạng thái đứng yên hay chuyển động thẳng đều của nó.","hoc_vet"
"5","Vật lý 10","Định luật 1 Newton (quán tính)","Nếu một vật không chịu tác dụng của lực nào hoặc chịu tác dụng của các lực có hợp lực bằng không thì vật giữ nguyên trạng thái đứng yên hoặc chuyển động thẳng đều.","Định luật 1 Newton nói là vật nào cũng cần có lực tác dụng thì mới chuyển động được, không có lực thì vật sẽ dừng lại.","sai"
"6","Vật lý 10","Định luật 2 Newton (F=ma)","Gia tốc của một vật cùng hướng với lực tác dụng lên vật, có độ lớn tỉ lệ thuận với độ lớn của lực và tỉ lệ nghịch với khối lượng của vật (F = ma).","Lực càng lớn thì vật tăng tốc càng nhanh, còn vật càng nặng thì càng khó tăng tốc, công thức là F=ma.","dung"
"7","Vật lý 10","Định luật 2 Newton (F=ma)","Gia tốc của một vật cùng hướng với lực tác dụng lên vật, có độ lớn tỉ lệ thuận với độ lớn của lực và tỉ lệ nghịch với khối lượng của vật (F = ma).","Gia tốc mà vật thu được sẽ phụ thuộc vào lực tác dụng lên nó, lực lớn thì gia tốc lớn theo tỉ lệ thuận, nhưng nếu khối lượng vật lớn thì gia tốc lại nhỏ đi, quan hệ này thể hiện qua công thức a = F/m.","dung"
"8","Vật lý 10","Định luật 2 Newton (F=ma)","Gia tốc của một vật cùng hướng với lực tác dụng lên vật, có độ lớn tỉ lệ thuận với độ lớn của lực và tỉ lệ nghịch với khối lượng của vật (F = ma).","Gia tốc của vật cùng hướng với lực tác dụng lên vật, có độ lớn tỉ lệ thuận với lực và tỉ lệ nghịch với khối lượng vật, F=ma.","hoc_vet"
"9","Vật lý 10","Định luật 2 Newton (F=ma)","Gia tốc của một vật cùng hướng với lực tác dụng lên vật, có độ lớn tỉ lệ thuận với độ lớn của lực và tỉ lệ nghịch với khối lượng của vật (F = ma).","Gia tốc của một vật tỉ lệ thuận với độ lớn lực tác dụng và tỉ lệ nghịch với khối lượng của vật, cùng hướng với lực đó.","hoc_vet"
"10","Vật lý 10","Định luật 2 Newton (F=ma)","Gia tốc của một vật cùng hướng với lực tác dụng lên vật, có độ lớn tỉ lệ thuận với độ lớn của lực và tỉ lệ nghịch với khối lượng của vật (F = ma).","Định luật 2 Newton là lực tác dụng lên vật sẽ tỉ lệ thuận với vận tốc của vật, vật chạy càng nhanh thì lực càng lớn.","sai"
"11","Vật lý 10","Định luật 3 Newton (tác dụng - phản tác dụng)","Khi vật A tác dụng lên vật B một lực thì vật B cũng tác dụng trở lại vật A một lực; hai lực này cùng giá, cùng độ lớn nhưng ngược chiều (lực và phản lực).","Hễ vật này đẩy vật kia một lực thì vật kia cũng đẩy ngược lại vật này một lực bằng như vậy nhưng hướng ngược lại.","dung"
"12","Vật lý 10","Định luật 3 Newton (tác dụng - phản tác dụng)","Khi vật A tác dụng lên vật B một lực thì vật B cũng tác dụng trở lại vật A một lực; hai lực này cùng giá, cùng độ lớn nhưng ngược chiều (lực và phản lực).","Em hiểu là hai vật tương tác với nhau thì sẽ luôn có một cặp lực xuất hiện đồng thời, hai lực đó bằng nhau về độ lớn, nằm trên cùng một đường thẳng nhưng chiều thì ngược nhau, và chúng không triệt tiêu nhau vì đặt vào hai vật khác nhau.","dung"
"13","Vật lý 10","Định luật 3 Newton (tác dụng - phản tác dụng)","Khi vật A tác dụng lên vật B một lực thì vật B cũng tác dụng trở lại vật A một lực; hai lực này cùng giá, cùng độ lớn nhưng ngược chiều (lực và phản lực).","Khi vật A tác dụng lên vật B một lực thì vật B cũng tác dụng lại vật A một lực, hai lực này cùng giá, cùng độ lớn nhưng ngược chiều.","hoc_vet"
"14","Vật lý 10","Định luật 3 Newton (tác dụng - phản tác dụng)","Khi vật A tác dụng lên vật B một lực thì vật B cũng tác dụng trở lại vật A một lực; hai lực này cùng giá, cùng độ lớn nhưng ngược chiều (lực và phản lực).","Vật A tác dụng lên vật B một lực thì vật B tác dụng trở lại vật A một lực, hai lực có cùng độ lớn, cùng giá, ngược chiều nhau.","hoc_vet"
"15","Vật lý 10","Định luật 3 Newton (tác dụng - phản tác dụng)","Khi vật A tác dụng lên vật B một lực thì vật B cũng tác dụng trở lại vật A một lực; hai lực này cùng giá, cùng độ lớn nhưng ngược chiều (lực và phản lực).","Định luật 3 Newton nghĩa là hai lực tác dụng và phản tác dụng triệt tiêu nhau nên vật đứng yên, không chuyển động được.","sai"
"16","Vật lý 10","Động năng","Động năng là dạng năng lượng mà một vật có được do nó đang chuyển động, có độ lớn bằng Wđ = 1/2 mv², với m là khối lượng và v là vận tốc của vật.","Động năng là năng lượng của vật sinh ra vì nó đang di chuyển, tính bằng nửa khối lượng nhân bình phương vận tốc.","dung"
"17","Vật lý 10","Động năng","Động năng là dạng năng lượng mà một vật có được do nó đang chuyển động, có độ lớn bằng Wđ = 1/2 mv², với m là khối lượng và v là vận tốc của vật.","Theo em thì bất cứ vật gì đang chuyển động đều mang trong mình một loại năng lượng gọi là động năng, giá trị của nó phụ thuộc vào khối lượng vật và đặc biệt phụ thuộc rất mạnh vào vận tốc vì vận tốc bị bình phương lên trong công thức.","dung"
"18","Vật lý 10","Động năng","Động năng là dạng năng lượng mà một vật có được do nó đang chuyển động, có độ lớn bằng Wđ = 1/2 mv², với m là khối lượng và v là vận tốc của vật.","Động năng là dạng năng lượng mà vật có được do đang chuyển động, độ lớn bằng Wđ = 1/2 mv², m là khối lượng, v là vận tốc vật.","hoc_vet"
"19","Vật lý 10","Động năng","Động năng là dạng năng lượng mà một vật có được do nó đang chuyển động, có độ lớn bằng Wđ = 1/2 mv², với m là khối lượng và v là vận tốc của vật.","Động năng là năng lượng của một vật có được do vật đang chuyển động, tính bằng công thức 1/2 mv² với m khối lượng và v vận tốc.","hoc_vet"
"20","Vật lý 10","Động năng","Động năng là dạng năng lượng mà một vật có được do nó đang chuyển động, có độ lớn bằng Wđ = 1/2 mv², với m là khối lượng và v là vận tốc của vật.","Động năng là năng lượng vật có do vị trí của nó ở trên cao so với mặt đất, tính bằng m nhân g nhân độ cao.","sai"
"21","Vật lý 10","Thế năng trọng trường","Thế năng trọng trường của một vật là năng lượng vật có do vị trí của nó trong trọng trường, được xác định bằng Wt = mgz, với z là độ cao của vật so với mốc thế năng.","Thế năng trọng trường là năng lượng vật có được vì nó đang ở một độ cao nào đó so với mặt đất, càng lên cao thì thế năng càng lớn.","dung"
"22","Vật lý 10","Thế năng trọng trường","Thế năng trọng trường của một vật là năng lượng vật có do vị trí của nó trong trọng trường, được xác định bằng Wt = mgz, với z là độ cao của vật so với mốc thế năng.","Em nghĩ thế năng trọng trường xuất hiện là do vị trí của vật trong trường hấp dẫn của Trái Đất, nếu vật ở càng xa mốc chọn làm gốc thường là mặt đất thì thế năng càng lớn, công thức tính là khối lượng nhân gia tốc trọng trường nhân độ cao.","dung"
"23","Vật lý 10","Thế năng trọng trường","Thế năng trọng trường của một vật là năng lượng vật có do vị trí của nó trong trọng trường, được xác định bằng Wt = mgz, với z là độ cao của vật so với mốc thế năng.","Thế năng trọng trường của vật là năng lượng vật có do vị trí của nó trong trọng trường, xác định bằng Wt = mgz, z là độ cao so với mốc thế năng.","hoc_vet"
"24","Vật lý 10","Thế năng trọng trường","Thế năng trọng trường của một vật là năng lượng vật có do vị trí của nó trong trọng trường, được xác định bằng Wt = mgz, với z là độ cao của vật so với mốc thế năng.","Thế năng trọng trường là năng lượng mà vật có được do vị trí trong trọng trường, tính bằng công thức mgz với z là độ cao so với mốc chọn.","hoc_vet"
"25","Vật lý 10","Thế năng trọng trường","Thế năng trọng trường của một vật là năng lượng vật có do vị trí của nó trong trọng trường, được xác định bằng Wt = mgz, với z là độ cao của vật so với mốc thế năng.","Thế năng trọng trường là năng lượng vật có được do nó đang chuyển động nhanh hay chậm ở trên cao.","sai"
"26","Vật lý 10","Định luật bảo toàn cơ năng","Trong quá trình chuyển động, nếu vật chỉ chịu tác dụng của trọng lực (không có lực ma sát, lực cản), thì cơ năng của vật là đại lượng bảo toàn, tức là tổng động năng và thế năng không đổi.","Nếu không có ma sát hay lực cản gì thì tổng động năng cộng thế năng của vật lúc nào cũng như nhau, năng lượng chỉ chuyển từ dạng này sang dạng kia thôi.","dung"
"27","Vật lý 10","Định luật bảo toàn cơ năng","Trong quá trình chuyển động, nếu vật chỉ chịu tác dụng của trọng lực (không có lực ma sát, lực cản), thì cơ năng của vật là đại lượng bảo toàn, tức là tổng động năng và thế năng không đổi.","Em hiểu là khi vật rơi hay chuyển động mà chỉ có trọng lực tác dụng, không bị ma sát hay cản trở gì thì cơ năng của nó, tức là động năng cộng với thế năng, sẽ không thay đổi theo thời gian, ví dụ vật rơi xuống thì thế năng giảm nhưng động năng tăng lên tương ứng.","dung"
"28","Vật lý 10","Định luật bảo toàn cơ năng","Trong quá trình chuyển động, nếu vật chỉ chịu tác dụng của trọng lực (không có lực ma sát, lực cản), thì cơ năng của vật là đại lượng bảo toàn, tức là tổng động năng và thế năng không đổi.","Nếu vật chỉ chịu tác dụng của trọng lực, không có ma sát hay lực cản, thì cơ năng của vật được bảo toàn, tổng động năng và thế năng không đổi.","hoc_vet"
"29","Vật lý 10","Định luật bảo toàn cơ năng","Trong quá trình chuyển động, nếu vật chỉ chịu tác dụng của trọng lực (không có lực ma sát, lực cản), thì cơ năng của vật là đại lượng bảo toàn, tức là tổng động năng và thế năng không đổi.","Trong quá trình chuyển động nếu vật chỉ chịu trọng lực tác dụng thì cơ năng là đại lượng bảo toàn, động năng và thế năng cộng lại luôn không đổi.","hoc_vet"
"30","Vật lý 10","Định luật bảo toàn cơ năng","Trong quá trình chuyển động, nếu vật chỉ chịu tác dụng của trọng lực (không có lực ma sát, lực cản), thì cơ năng của vật là đại lượng bảo toàn, tức là tổng động năng và thế năng không đổi.","Định luật bảo toàn cơ năng nghĩa là dù có ma sát hay không thì tổng động năng và thế năng của vật luôn luôn không đổi trong mọi trường hợp.","sai"
"31","Vật lý 10","Áp suất chất lỏng","Áp suất tại một điểm trong chất lỏng tăng theo độ sâu, được tính bằng p = ρgh, với ρ là khối lượng riêng chất lỏng, g là gia tốc trọng trường và h là độ sâu tính từ mặt thoáng.","Càng xuống sâu trong nước thì áp suất càng lớn, tính bằng khối lượng riêng nhân gia tốc trọng trường nhân độ sâu.","dung"
"32","Vật lý 10","Áp suất chất lỏng","Áp suất tại một điểm trong chất lỏng tăng theo độ sâu, được tính bằng p = ρgh, với ρ là khối lượng riêng chất lỏng, g là gia tốc trọng trường và h là độ sâu tính từ mặt thoáng.","Theo em áp suất ở một điểm trong lòng chất lỏng phụ thuộc vào độ sâu tính từ mặt thoáng xuống, và loại chất lỏng khác nhau thì khối lượng riêng khác nhau nên áp suất cũng khác, công thức chung là p = ρgh.","dung"
"33","Vật lý 10","Áp suất chất lỏng","Áp suất tại một điểm trong chất lỏng tăng theo độ sâu, được tính bằng p = ρgh, với ρ là khối lượng riêng chất lỏng, g là gia tốc trọng trường và h là độ sâu tính từ mặt thoáng.","Áp suất tại một điểm trong chất lỏng tăng theo độ sâu, tính bằng p = ρgh, với ρ khối lượng riêng chất lỏng, g gia tốc trọng trường, h độ sâu từ mặt thoáng.","hoc_vet"
"34","Vật lý 10","Áp suất chất lỏng","Áp suất tại một điểm trong chất lỏng tăng theo độ sâu, được tính bằng p = ρgh, với ρ là khối lượng riêng chất lỏng, g là gia tốc trọng trường và h là độ sâu tính từ mặt thoáng.","Áp suất trong lòng chất lỏng tăng dần theo độ sâu, được tính bằng công thức p = ρgh trong đó h là độ sâu tính từ mặt thoáng chất lỏng.","hoc_vet"
"35","Vật lý 10","Áp suất chất lỏng","Áp suất tại một điểm trong chất lỏng tăng theo độ sâu, được tính bằng p = ρgh, với ρ là khối lượng riêng chất lỏng, g là gia tốc trọng trường và h là độ sâu tính từ mặt thoáng.","Áp suất chất lỏng phụ thuộc vào hình dạng của bình chứa, bình càng to càng rộng thì áp suất ở đáy càng lớn.","sai"
"36","Hóa học 10","Cấu tạo nguyên tử (proton, neutron, electron)","Nguyên tử gồm hạt nhân mang điện tích dương nằm ở trung tâm (chứa proton mang điện dương và neutron không mang điện) và lớp vỏ electron mang điện âm chuyển động xung quanh hạt nhân.","Nguyên tử có phần lõi ở giữa gồm proton và neutron, còn electron thì bay xung quanh ở lớp vỏ bên ngoài.","dung"
"37","Hóa học 10","Cấu tạo nguyên tử (proton, neutron, electron)","Nguyên tử gồm hạt nhân mang điện tích dương nằm ở trung tâm (chứa proton mang điện dương và neutron không mang điện) và lớp vỏ electron mang điện âm chuyển động xung quanh hạt nhân.","Em hiểu là ở giữa nguyên tử có một hạt nhân rất nhỏ nhưng nặng, trong đó chứa proton tích điện dương và neutron không tích điện, còn xung quanh hạt nhân đó là các electron mang điện âm chuyển động rất nhanh tạo thành lớp vỏ.","dung"
"38","Hóa học 10","Cấu tạo nguyên tử (proton, neutron, electron)","Nguyên tử gồm hạt nhân mang điện tích dương nằm ở trung tâm (chứa proton mang điện dương và neutron không mang điện) và lớp vỏ electron mang điện âm chuyển động xung quanh hạt nhân.","Nguyên tử gồm hạt nhân mang điện dương ở trung tâm chứa proton điện dương và neutron không mang điện, và lớp vỏ electron mang điện âm chuyển động quanh hạt nhân.","hoc_vet"
"39","Hóa học 10","Cấu tạo nguyên tử (proton, neutron, electron)","Nguyên tử gồm hạt nhân mang điện tích dương nằm ở trung tâm (chứa proton mang điện dương và neutron không mang điện) và lớp vỏ electron mang điện âm chuyển động xung quanh hạt nhân.","Nguyên tử có hạt nhân mang điện tích dương nằm ở giữa gồm proton và neutron, lớp vỏ bên ngoài là các electron mang điện âm bay xung quanh.","hoc_vet"
"40","Hóa học 10","Cấu tạo nguyên tử (proton, neutron, electron)","Nguyên tử gồm hạt nhân mang điện tích dương nằm ở trung tâm (chứa proton mang điện dương và neutron không mang điện) và lớp vỏ electron mang điện âm chuyển động xung quanh hạt nhân.","Nguyên tử gồm hạt nhân ở giữa chứa proton và electron, còn neutron thì bay ở lớp vỏ bên ngoài mang điện âm.","sai"
"41","Hóa học 10","Liên kết ion","Liên kết ion là liên kết được hình thành bởi lực hút tĩnh điện giữa các ion mang điện tích trái dấu, thường tạo thành khi nguyên tử kim loại nhường electron cho nguyên tử phi kim.","Liên kết ion là kiểu liên kết mà một nguyên tử cho hẳn electron cho nguyên tử kia, tạo thành hai ion trái dấu rồi hút nhau.","dung"
"42","Hóa học 10","Liên kết ion","Liên kết ion là liên kết được hình thành bởi lực hút tĩnh điện giữa các ion mang điện tích trái dấu, thường tạo thành khi nguyên tử kim loại nhường electron cho nguyên tử phi kim.","Theo em thì liên kết ion xảy ra khi một nguyên tử, thường là kim loại, nhường hẳn electron của mình cho một nguyên tử phi kim, sau đó nguyên tử kim loại trở thành ion dương còn phi kim thành ion âm, và hai ion trái dấu này hút nhau bằng lực tĩnh điện tạo nên liên kết.","dung"
"43","Hóa học 10","Liên kết ion","Liên kết ion là liên kết được hình thành bởi lực hút tĩnh điện giữa các ion mang điện tích trái dấu, thường tạo thành khi nguyên tử kim loại nhường electron cho nguyên tử phi kim.","Liên kết ion là liên kết hình thành bởi lực hút tĩnh điện giữa các ion mang điện tích trái dấu, tạo thành khi nguyên tử kim loại nhường electron cho phi kim.","hoc_vet"
"44","Hóa học 10","Liên kết ion","Liên kết ion là liên kết được hình thành bởi lực hút tĩnh điện giữa các ion mang điện tích trái dấu, thường tạo thành khi nguyên tử kim loại nhường electron cho nguyên tử phi kim.","Liên kết ion được tạo bởi lực hút tĩnh điện giữa hai ion trái dấu, thường hình thành khi kim loại nhường electron cho nguyên tử phi kim.","hoc_vet"
"45","Hóa học 10","Liên kết ion","Liên kết ion là liên kết được hình thành bởi lực hút tĩnh điện giữa các ion mang điện tích trái dấu, thường tạo thành khi nguyên tử kim loại nhường electron cho nguyên tử phi kim.","Liên kết ion là liên kết mà hai nguyên tử góp chung electron với nhau để cùng đạt cấu hình bền, giống như hai bên chia sẻ electron.","sai"
"46","Hóa học 10","Liên kết cộng hóa trị","Liên kết cộng hóa trị là liên kết được hình thành giữa hai nguyên tử bằng một hay nhiều cặp electron dùng chung.","Liên kết cộng hóa trị là khi hai nguyên tử góp chung electron với nhau chứ không cho hẳn.","dung"
"47","Hóa học 10","Liên kết cộng hóa trị","Liên kết cộng hóa trị là liên kết được hình thành giữa hai nguyên tử bằng một hay nhiều cặp electron dùng chung.","Em nghĩ liên kết cộng hóa trị khác với liên kết ion ở chỗ hai nguyên tử tham gia liên kết không nhường hẳn electron cho nhau mà cùng góp chung một hoặc nhiều cặp electron để dùng chung, nhờ vậy cả hai đều đạt được cấu hình electron bền vững hơn.","dung"
"48","Hóa học 10","Liên kết cộng hóa trị","Liên kết cộng hóa trị là liên kết được hình thành giữa hai nguyên tử bằng một hay nhiều cặp electron dùng chung.","Liên kết cộng hóa trị là liên kết hình thành giữa hai nguyên tử bằng một hoặc nhiều cặp electron dùng chung.","hoc_vet"
"49","Hóa học 10","Liên kết cộng hóa trị","Liên kết cộng hóa trị là liên kết được hình thành giữa hai nguyên tử bằng một hay nhiều cặp electron dùng chung.","Liên kết cộng hóa trị được tạo thành giữa hai nguyên tử nhờ một hay nhiều cặp electron chung.","hoc_vet"
"50","Hóa học 10","Liên kết cộng hóa trị","Liên kết cộng hóa trị là liên kết được hình thành giữa hai nguyên tử bằng một hay nhiều cặp electron dùng chung.","Liên kết cộng hóa trị là liên kết mà một nguyên tử nhường hẳn electron của mình cho nguyên tử kia để tạo thành ion.","sai"
"51","Hóa học 10","Bảng tuần hoàn - quy luật biến đổi tính kim loại","Trong một chu kì, theo chiều tăng của điện tích hạt nhân, tính kim loại giảm dần; trong một nhóm A, theo chiều tăng của điện tích hạt nhân, tính kim loại tăng dần.","Đi từ trái sang phải trong một hàng thì tính kim loại yếu dần, còn đi từ trên xuống dưới trong một cột thì tính kim loại mạnh lên.","dung"
"52","Hóa học 10","Bảng tuần hoàn - quy luật biến đổi tính kim loại","Trong một chu kì, theo chiều tăng của điện tích hạt nhân, tính kim loại giảm dần; trong một nhóm A, theo chiều tăng của điện tích hạt nhân, tính kim loại tăng dần.","Theo em thì trong bảng tuần hoàn, nếu xét theo hàng ngang tức chu kì, khi điện tích hạt nhân tăng dần từ trái qua phải thì tính kim loại của nguyên tố giảm dần, ngược lại nếu xét theo cột dọc tức nhóm A, khi đi từ trên xuống dưới thì tính kim loại lại tăng lên.","dung"
"53","Hóa học 10","Bảng tuần hoàn - quy luật biến đổi tính kim loại","Trong một chu kì, theo chiều tăng của điện tích hạt nhân, tính kim loại giảm dần; trong một nhóm A, theo chiều tăng của điện tích hạt nhân, tính kim loại tăng dần.","Trong một chu kì, theo chiều tăng điện tích hạt nhân, tính kim loại giảm dần; trong một nhóm A, theo chiều tăng điện tích hạt nhân, tính kim loại tăng dần.","hoc_vet"
"54","Hóa học 10","Bảng tuần hoàn - quy luật biến đổi tính kim loại","Trong một chu kì, theo chiều tăng của điện tích hạt nhân, tính kim loại giảm dần; trong một nhóm A, theo chiều tăng của điện tích hạt nhân, tính kim loại tăng dần.","Trong chu kì theo chiều tăng của điện tích hạt nhân thì tính kim loại giảm, còn trong nhóm A theo chiều tăng điện tích hạt nhân thì tính kim loại tăng dần.","hoc_vet"
"55","Hóa học 10","Bảng tuần hoàn - quy luật biến đổi tính kim loại","Trong một chu kì, theo chiều tăng của điện tích hạt nhân, tính kim loại giảm dần; trong một nhóm A, theo chiều tăng của điện tích hạt nhân, tính kim loại tăng dần.","Trong một chu kì, đi từ trái sang phải tính kim loại tăng dần vì điện tích hạt nhân tăng nên hút electron mạnh hơn, còn trong nhóm thì tính kim loại giảm dần khi xuống dưới.","sai"
"56","Hóa học 10","Phản ứng oxi hóa - khử","Phản ứng oxi hóa - khử là phản ứng hóa học trong đó có sự chuyển electron giữa các chất phản ứng, hay nói cách khác có sự thay đổi số oxi hóa của một số nguyên tố.","Phản ứng oxi hóa khử là phản ứng có electron chuyển từ chất này sang chất kia, làm số oxi hóa của các nguyên tố thay đổi.","dung"
"57","Hóa học 10","Phản ứng oxi hóa - khử","Phản ứng oxi hóa - khử là phản ứng hóa học trong đó có sự chuyển electron giữa các chất phản ứng, hay nói cách khác có sự thay đổi số oxi hóa của một số nguyên tố.","Em hiểu phản ứng oxi hóa khử là loại phản ứng mà trong đó có chất nhường electron và có chất nhận electron, quá trình nhường electron gọi là oxi hóa còn nhận electron gọi là khử, kết quả là số oxi hóa của các nguyên tố tham gia bị thay đổi so với trước phản ứng.","dung"
"58","Hóa học 10","Phản ứng oxi hóa - khử","Phản ứng oxi hóa - khử là phản ứng hóa học trong đó có sự chuyển electron giữa các chất phản ứng, hay nói cách khác có sự thay đổi số oxi hóa của một số nguyên tố.","Phản ứng oxi hóa - khử là phản ứng hóa học có sự chuyển electron giữa các chất phản ứng, tức là có sự thay đổi số oxi hóa của một số nguyên tố.","hoc_vet"
"59","Hóa học 10","Phản ứng oxi hóa - khử","Phản ứng oxi hóa - khử là phản ứng hóa học trong đó có sự chuyển electron giữa các chất phản ứng, hay nói cách khác có sự thay đổi số oxi hóa của một số nguyên tố.","Phản ứng oxi hóa khử là phản ứng trong đó có sự chuyển electron giữa các chất, hay có sự thay đổi số oxi hóa của một vài nguyên tố tham gia.","hoc_vet"
"60","Hóa học 10","Phản ứng oxi hóa - khử","Phản ứng oxi hóa - khử là phản ứng hóa học trong đó có sự chuyển electron giữa các chất phản ứng, hay nói cách khác có sự thay đổi số oxi hóa của một số nguyên tố.","Phản ứng oxi hóa khử là phản ứng mà chất oxi hóa là chất nhường electron còn chất khử là chất nhận electron.","sai"
"61","Sinh học 10","Cấu trúc tế bào nhân thực","Tế bào nhân thực có màng nhân bao bọc vật chất di truyền tạo thành nhân hoàn chỉnh, và có hệ thống các bào quan có màng bao bọc như ti thể, lục lạp, lưới nội chất, bộ máy Golgi.","Tế bào nhân thực khác tế bào nhân sơ ở chỗ nó có nhân thật, tức là ADN được bọc trong một lớp màng riêng, và còn có nhiều bào quan có màng bao quanh nữa.","dung"
"62","Sinh học 10","Cấu trúc tế bào nhân thực","Tế bào nhân thực có màng nhân bao bọc vật chất di truyền tạo thành nhân hoàn chỉnh, và có hệ thống các bào quan có màng bao bọc như ti thể, lục lạp, lưới nội chất, bộ máy Golgi.","Theo em điểm đặc trưng của tế bào nhân thực là vật chất di truyền không nằm tự do trong tế bào chất mà được bao bọc bởi màng nhân tạo thành một nhân hoàn chỉnh, ngoài ra bên trong tế bào chất còn có rất nhiều bào quan có màng riêng như ti thể để hô hấp, lục lạp để quang hợp ở thực vật, lưới nội chất và bộ máy Golgi.","dung"
"63","Sinh học 10","Cấu trúc tế bào nhân thực","Tế bào nhân thực có màng nhân bao bọc vật chất di truyền tạo thành nhân hoàn chỉnh, và có hệ thống các bào quan có màng bao bọc như ti thể, lục lạp, lưới nội chất, bộ máy Golgi.","Tế bào nhân thực có màng nhân bao bọc vật chất di truyền tạo thành nhân hoàn chỉnh, và có các bào quan có màng bao bọc như ti thể, lục lạp, lưới nội chất, bộ máy Golgi.","hoc_vet"
"64","Sinh học 10","Cấu trúc tế bào nhân thực","Tế bào nhân thực có màng nhân bao bọc vật chất di truyền tạo thành nhân hoàn chỉnh, và có hệ thống các bào quan có màng bao bọc như ti thể, lục lạp, lưới nội chất, bộ máy Golgi.","Tế bào nhân thực có màng bao bọc vật chất di truyền tạo nhân hoàn chỉnh, và có hệ thống bào quan có màng như ti thể, lục lạp, lưới nội chất, Golgi.","hoc_vet"
"65","Sinh học 10","Cấu trúc tế bào nhân thực","Tế bào nhân thực có màng nhân bao bọc vật chất di truyền tạo thành nhân hoàn chỉnh, và có hệ thống các bào quan có màng bao bọc như ti thể, lục lạp, lưới nội chất, bộ máy Golgi.","Tế bào nhân thực là loại tế bào không có màng nhân bao bọc, vật chất di truyền nằm tự do trong tế bào chất giống như vi khuẩn.","sai"
"66","Sinh học 10","Quang hợp","Quang hợp là quá trình lục lạp hấp thụ năng lượng ánh sáng để tổng hợp chất hữu cơ (glucose) từ CO2 và nước, đồng thời giải phóng khí oxi.","Quang hợp là quá trình cây dùng ánh sáng mặt trời để biến CO2 và nước thành đường, rồi thải ra oxi.","dung"
"67","Sinh học 10","Quang hợp","Quang hợp là quá trình lục lạp hấp thụ năng lượng ánh sáng để tổng hợp chất hữu cơ (glucose) từ CO2 và nước, đồng thời giải phóng khí oxi.","Em hiểu quang hợp là quá trình diễn ra ở lục lạp của thực vật, trong đó năng lượng ánh sáng mặt trời được hấp thụ và sử dụng để chuyển hóa khí CO2 cùng với nước thành các chất hữu cơ như glucose để nuôi cây, và trong quá trình này khí oxi được thải ra môi trường.","dung"
"68","Sinh học 10","Quang hợp","Quang hợp là quá trình lục lạp hấp thụ năng lượng ánh sáng để tổng hợp chất hữu cơ (glucose) từ CO2 và nước, đồng thời giải phóng khí oxi.","Quang hợp là quá trình lục lạp hấp thụ ánh sáng để tổng hợp chất hữu cơ glucose từ CO2 và nước, đồng thời giải phóng oxi.","hoc_vet"
"69","Sinh học 10","Quang hợp","Quang hợp là quá trình lục lạp hấp thụ năng lượng ánh sáng để tổng hợp chất hữu cơ (glucose) từ CO2 và nước, đồng thời giải phóng khí oxi.","Quang hợp là quá trình lục lạp hấp thụ năng lượng ánh sáng tổng hợp chất hữu cơ từ CO2 và nước, giải phóng ra khí oxi.","hoc_vet"
"70","Sinh học 10","Quang hợp","Quang hợp là quá trình lục lạp hấp thụ năng lượng ánh sáng để tổng hợp chất hữu cơ (glucose) từ CO2 và nước, đồng thời giải phóng khí oxi.","Quang hợp là quá trình cây hấp thụ khí oxi và thải ra khí CO2 để tạo năng lượng cho tế bào sử dụng.","sai"
"71","Sinh học 10","Hô hấp tế bào","Hô hấp tế bào là quá trình phân giải chất hữu cơ (glucose) thành CO2 và nước, giải phóng năng lượng dưới dạng ATP để cung cấp cho các hoạt động sống của tế bào.","Hô hấp tế bào là quá trình tế bào phân giải đường để lấy năng lượng ATP dùng cho hoạt động sống, đồng thời thải ra CO2 và nước.","dung"
"72","Sinh học 10","Hô hấp tế bào","Hô hấp tế bào là quá trình phân giải chất hữu cơ (glucose) thành CO2 và nước, giải phóng năng lượng dưới dạng ATP để cung cấp cho các hoạt động sống của tế bào.","Theo em hô hấp tế bào diễn ra bên trong ti thể, đó là quá trình các chất hữu cơ như glucose bị phân giải dần dần thành CO2 và nước, và trong quá trình phân giải đó năng lượng được giải phóng ra dưới dạng ATP để tế bào sử dụng cho các hoạt động sống của mình.","dung"
"73","Sinh học 10","Hô hấp tế bào","Hô hấp tế bào là quá trình phân giải chất hữu cơ (glucose) thành CO2 và nước, giải phóng năng lượng dưới dạng ATP để cung cấp cho các hoạt động sống của tế bào.","Hô hấp tế bào là quá trình phân giải chất hữu cơ glucose thành CO2 và nước, giải phóng năng lượng ATP cung cấp cho hoạt động sống của tế bào.","hoc_vet"
"74","Sinh học 10","Hô hấp tế bào","Hô hấp tế bào là quá trình phân giải chất hữu cơ (glucose) thành CO2 và nước, giải phóng năng lượng dưới dạng ATP để cung cấp cho các hoạt động sống của tế bào.","Hô hấp tế bào là quá trình phân giải glucose thành CO2 và nước, năng lượng giải phóng dưới dạng ATP cho tế bào hoạt động.","hoc_vet"
"75","Sinh học 10","Hô hấp tế bào","Hô hấp tế bào là quá trình phân giải chất hữu cơ (glucose) thành CO2 và nước, giải phóng năng lượng dưới dạng ATP để cung cấp cho các hoạt động sống của tế bào.","Hô hấp tế bào là quá trình tế bào hấp thụ CO2 và nước, dùng ánh sáng để tổng hợp thành glucose và thải ra oxi.","sai"
"76","Sinh học 10","Nguyên phân","Nguyên phân là hình thức phân chia tế bào tạo ra hai tế bào con có bộ nhiễm sắc thể giống hệt tế bào mẹ, gồm các kỳ đầu, kỳ giữa, kỳ sau, kỳ cuối, giúp cơ thể sinh trưởng và thay thế tế bào già, tế bào tổn thương.","Nguyên phân là quá trình một tế bào chia thành hai tế bào con có bộ nhiễm sắc thể y hệt tế bào ban đầu, nhờ vậy cơ thể lớn lên và thay thế các tế bào bị hỏng.","dung"
"77","Sinh học 10","Nguyên phân","Nguyên phân là hình thức phân chia tế bào tạo ra hai tế bào con có bộ nhiễm sắc thể giống hệt tế bào mẹ, gồm các kỳ đầu, kỳ giữa, kỳ sau, kỳ cuối, giúp cơ thể sinh trưởng và thay thế tế bào già, tế bào tổn thương.","Theo em nguyên phân là kiểu phân chia tế bào mà từ một tế bào mẹ ban đầu sẽ tạo ra hai tế bào con, hai tế bào con này mang bộ nhiễm sắc thể giống hệt nhau và giống với tế bào mẹ, quá trình này trải qua các kỳ đầu, kỳ giữa, kỳ sau, kỳ cuối, có vai trò giúp cơ thể sinh trưởng, phát triển và thay thế những tế bào già hoặc bị tổn thương.","dung"
"78","Sinh học 10","Nguyên phân","Nguyên phân là hình thức phân chia tế bào tạo ra hai tế bào con có bộ nhiễm sắc thể giống hệt tế bào mẹ, gồm các kỳ đầu, kỳ giữa, kỳ sau, kỳ cuối, giúp cơ thể sinh trưởng và thay thế tế bào già, tế bào tổn thương.","Nguyên phân là hình thức phân chia tế bào tạo ra hai tế bào con có bộ nhiễm sắc thể giống hệt tế bào mẹ, gồm kỳ đầu, kỳ giữa, kỳ sau, kỳ cuối, giúp cơ thể sinh trưởng và thay thế tế bào già, tế bào bị tổn thương.","hoc_vet"
"79","Sinh học 10","Nguyên phân","Nguyên phân là hình thức phân chia tế bào tạo ra hai tế bào con có bộ nhiễm sắc thể giống hệt tế bào mẹ, gồm các kỳ đầu, kỳ giữa, kỳ sau, kỳ cuối, giúp cơ thể sinh trưởng và thay thế tế bào già, tế bào tổn thương.","Nguyên phân là hình thức phân chia của tế bào tạo ra hai tế bào con có bộ nhiễm sắc thể giống với tế bào mẹ, trải qua kỳ đầu, kỳ giữa, kỳ sau, kỳ cuối, giúp cơ thể sinh trưởng và thay thế tế bào tổn thương, già.","hoc_vet"
"80","Sinh học 10","Nguyên phân","Nguyên phân là hình thức phân chia tế bào tạo ra hai tế bào con có bộ nhiễm sắc thể giống hệt tế bào mẹ, gồm các kỳ đầu, kỳ giữa, kỳ sau, kỳ cuối, giúp cơ thể sinh trưởng và thay thế tế bào già, tế bào tổn thương.","Nguyên phân là hình thức phân chia tế bào tạo ra bốn tế bào con có bộ nhiễm sắc thể giảm đi một nửa so với tế bào mẹ, dùng để tạo giao tử.","sai"
"81","Sinh học 10","Giảm phân","Giảm phân là hình thức phân chia tế bào sinh dục chín, trải qua hai lần phân bào liên tiếp nhưng nhiễm sắc thể chỉ nhân đôi một lần, tạo ra bốn tế bào con có bộ nhiễm sắc thể giảm đi một nửa so với tế bào mẹ, hình thành giao tử.","Giảm phân là quá trình phân chia xảy ra ở tế bào sinh dục để tạo ra giao tử, tế bào chia hai lần liên tiếp nhưng ADN chỉ nhân đôi một lần nên số nhiễm sắc thể trong tế bào con chỉ còn một nửa so với ban đầu.","dung"
"82","Sinh học 10","Giảm phân","Giảm phân là hình thức phân chia tế bào sinh dục chín, trải qua hai lần phân bào liên tiếp nhưng nhiễm sắc thể chỉ nhân đôi một lần, tạo ra bốn tế bào con có bộ nhiễm sắc thể giảm đi một nửa so với tế bào mẹ, hình thành giao tử.","Em hiểu giảm phân là kiểu phân bào chỉ xảy ra ở các tế bào sinh dục đã chín để hình thành giao tử, quá trình này có hai lần phân chia tế bào diễn ra liên tiếp nhau nhưng nhiễm sắc thể chỉ nhân đôi đúng một lần duy nhất ở giai đoạn đầu, kết quả là tạo ra bốn tế bào con mà mỗi tế bào chỉ mang một nửa số nhiễm sắc thể so với tế bào mẹ ban đầu.","dung"
"83","Sinh học 10","Giảm phân","Giảm phân là hình thức phân chia tế bào sinh dục chín, trải qua hai lần phân bào liên tiếp nhưng nhiễm sắc thể chỉ nhân đôi một lần, tạo ra bốn tế bào con có bộ nhiễm sắc thể giảm đi một nửa so với tế bào mẹ, hình thành giao tử.","Giảm phân là hình thức phân chia của tế bào sinh dục chín, trải qua hai lần phân bào liên tiếp nhưng nhiễm sắc thể chỉ nhân đôi một lần, tạo ra bốn tế bào con có bộ nhiễm sắc thể giảm một nửa so với tế bào mẹ, hình thành nên giao tử.","hoc_vet"
"84","Sinh học 10","Giảm phân","Giảm phân là hình thức phân chia tế bào sinh dục chín, trải qua hai lần phân bào liên tiếp nhưng nhiễm sắc thể chỉ nhân đôi một lần, tạo ra bốn tế bào con có bộ nhiễm sắc thể giảm đi một nửa so với tế bào mẹ, hình thành giao tử.","Giảm phân là hình thức phân chia tế bào sinh dục chín, gồm hai lần phân bào liên tiếp nhưng nhiễm sắc thể chỉ nhân đôi một lần, tạo ra bốn tế bào con có bộ nhiễm sắc thể giảm đi một nửa so với tế bào mẹ để hình thành giao tử.","hoc_vet"
"85","Sinh học 10","Giảm phân","Giảm phân là hình thức phân chia tế bào sinh dục chín, trải qua hai lần phân bào liên tiếp nhưng nhiễm sắc thể chỉ nhân đôi một lần, tạo ra bốn tế bào con có bộ nhiễm sắc thể giảm đi một nửa so với tế bào mẹ, hình thành giao tử.","Giảm phân là hình thức phân chia tế bào tạo ra hai tế bào con giống hệt tế bào mẹ về bộ nhiễm sắc thể, xảy ra ở tất cả các loại tế bào trong cơ thể để giúp cơ thể lớn lên.","sai"
"86","Sinh học 10","Enzyme và vai trò xúc tác","Enzyme là chất xúc tác sinh học có bản chất là protein, có khả năng làm tăng tốc độ phản ứng hóa học trong tế bào mà không bị biến đổi sau phản ứng, mỗi enzyme thường chỉ xúc tác cho một hoặc một số phản ứng nhất định.","Enzyme là protein đóng vai trò xúc tác, giúp các phản ứng hóa học trong cơ thể xảy ra nhanh hơn nhiều mà bản thân nó không bị mất đi sau phản ứng.","dung"
"87","Sinh học 10","Enzyme và vai trò xúc tác","Enzyme là chất xúc tác sinh học có bản chất là protein, có khả năng làm tăng tốc độ phản ứng hóa học trong tế bào mà không bị biến đổi sau phản ứng, mỗi enzyme thường chỉ xúc tác cho một hoặc một số phản ứng nhất định.","Theo em enzyme về bản chất là một loại protein có chức năng đặc biệt là xúc tác, tức là làm cho các phản ứng hóa sinh trong tế bào diễn ra nhanh hơn rất nhiều so với khi không có nó, và điều đặc biệt là sau khi phản ứng kết thúc thì enzyme vẫn giữ nguyên không bị biến đổi, mỗi loại enzyme thường chỉ phù hợp với một hoặc một vài phản ứng cụ thể thôi chứ không phải phản ứng nào cũng xúc tác được.","dung"
"88","Sinh học 10","Enzyme và vai trò xúc tác","Enzyme là chất xúc tác sinh học có bản chất là protein, có khả năng làm tăng tốc độ phản ứng hóa học trong tế bào mà không bị biến đổi sau phản ứng, mỗi enzyme thường chỉ xúc tác cho một hoặc một số phản ứng nhất định.","Enzyme là chất xúc tác sinh học có bản chất protein, có khả năng làm tăng tốc độ phản ứng hóa học trong tế bào mà không bị biến đổi sau phản ứng, mỗi enzyme thường chỉ xúc tác một hoặc một số phản ứng nhất định.","hoc_vet"
"89","Sinh học 10","Enzyme và vai trò xúc tác","Enzyme là chất xúc tác sinh học có bản chất là protein, có khả năng làm tăng tốc độ phản ứng hóa học trong tế bào mà không bị biến đổi sau phản ứng, mỗi enzyme thường chỉ xúc tác cho một hoặc một số phản ứng nhất định.","Enzyme là chất xúc tác sinh học bản chất là protein, làm tăng tốc độ phản ứng hóa học trong tế bào mà không bị biến đổi sau khi phản ứng xảy ra, mỗi enzyme chỉ xúc tác cho một hoặc một số phản ứng.","hoc_vet"
"90","Sinh học 10","Enzyme và vai trò xúc tác","Enzyme là chất xúc tác sinh học có bản chất là protein, có khả năng làm tăng tốc độ phản ứng hóa học trong tế bào mà không bị biến đổi sau phản ứng, mỗi enzyme thường chỉ xúc tác cho một hoặc một số phản ứng nhất định.","Enzyme là chất bị biến đổi hoàn toàn sau mỗi phản ứng hóa học, đóng vai trò là nguyên liệu để tạo ra sản phẩm chứ không phải chất xúc tác.","sai"
"91","Sinh học 11","Vận chuyển nước và muối khoáng ở thực vật","Nước và ion khoáng được hấp thụ từ đất vào rễ rồi vận chuyển lên các bộ phận trên mặt đất qua mạch gỗ (xylem) nhờ động lực phối hợp của áp suất rễ, lực hút do thoát hơi nước ở lá và lực liên kết giữa các phân tử nước.","Nước và muối khoáng được rễ hút từ đất rồi đi lên thân, lá nhờ mạch gỗ, quá trình này được thúc đẩy bởi áp suất từ rễ đẩy lên, lực hút từ việc lá thoát hơi nước, và các phân tử nước còn bám dính với nhau nữa.","dung"
"92","Sinh học 11","Vận chuyển nước và muối khoáng ở thực vật","Nước và ion khoáng được hấp thụ từ đất vào rễ rồi vận chuyển lên các bộ phận trên mặt đất qua mạch gỗ (xylem) nhờ động lực phối hợp của áp suất rễ, lực hút do thoát hơi nước ở lá và lực liên kết giữa các phân tử nước.","Em hiểu là cây hút nước và các ion khoáng ở trong đất thông qua rễ, sau đó nước và khoáng chất này di chuyển lên phía trên qua hệ thống mạch gỗ để đến thân và lá, sự di chuyển này không tự nhiên mà cần có động lực, gồm áp suất đẩy lên từ chính rễ cây, lực hút tạo ra do lá thoát hơi nước liên tục, và lực liên kết giữa các phân tử nước với nhau giúp chúng kéo nhau đi thành dòng liên tục.","dung"
"93","Sinh học 11","Vận chuyển nước và muối khoáng ở thực vật","Nước và ion khoáng được hấp thụ từ đất vào rễ rồi vận chuyển lên các bộ phận trên mặt đất qua mạch gỗ (xylem) nhờ động lực phối hợp của áp suất rễ, lực hút do thoát hơi nước ở lá và lực liên kết giữa các phân tử nước.","Nước và ion khoáng được hấp thụ từ đất vào rễ rồi vận chuyển lên các bộ phận trên mặt đất qua mạch gỗ nhờ động lực phối hợp của áp suất rễ, lực hút do thoát hơi nước ở lá và lực liên kết giữa các phân tử nước.","hoc_vet"
"94","Sinh học 11","Vận chuyển nước và muối khoáng ở thực vật","Nước và ion khoáng được hấp thụ từ đất vào rễ rồi vận chuyển lên các bộ phận trên mặt đất qua mạch gỗ (xylem) nhờ động lực phối hợp của áp suất rễ, lực hút do thoát hơi nước ở lá và lực liên kết giữa các phân tử nước.","Nước và các ion khoáng được rễ hấp thụ từ đất rồi vận chuyển lên các bộ phận trên mặt đất qua mạch gỗ, nhờ động lực phối hợp giữa áp suất rễ, lực hút do sự thoát hơi nước ở lá, và lực liên kết giữa các phân tử nước.","hoc_vet"
"95","Sinh học 11","Vận chuyển nước và muối khoáng ở thực vật","Nước và ion khoáng được hấp thụ từ đất vào rễ rồi vận chuyển lên các bộ phận trên mặt đất qua mạch gỗ (xylem) nhờ động lực phối hợp của áp suất rễ, lực hút do thoát hơi nước ở lá và lực liên kết giữa các phân tử nước.","Nước và muối khoáng được vận chuyển từ lá xuống rễ qua mạch rây nhờ áp suất thẩm thấu để nuôi các bộ phận dưới đất của cây.","sai"
"96","Sinh học 11","Cân bằng nội môi","Cân bằng nội môi là duy trì sự ổn định của môi trường trong cơ thể (như nồng độ glucose, pH máu, áp suất thẩm thấu, nhiệt độ) thông qua cơ chế điều hòa ngược, đảm bảo các hoạt động sống của tế bào và cơ thể diễn ra bình thường.","Cân bằng nội môi là việc cơ thể giữ cho môi trường bên trong luôn ổn định, ví dụ như lượng đường trong máu hay độ pH, nhờ có các cơ chế điều chỉnh ngược để đưa mọi thứ về mức bình thường khi có sự thay đổi.","dung"
"97","Sinh học 11","Cân bằng nội môi","Cân bằng nội môi là duy trì sự ổn định của môi trường trong cơ thể (như nồng độ glucose, pH máu, áp suất thẩm thấu, nhiệt độ) thông qua cơ chế điều hòa ngược, đảm bảo các hoạt động sống của tế bào và cơ thể diễn ra bình thường.","Theo em cân bằng nội môi là khả năng của cơ thể giữ cho các điều kiện bên trong như nồng độ glucose trong máu, độ pH, áp suất thẩm thấu hay nhiệt độ luôn ở mức ổn định dù môi trường bên ngoài có thay đổi, cơ chế thực hiện điều này chủ yếu là cơ chế điều hòa ngược, tức là khi một yếu tố nào đó lệch khỏi mức bình thường thì cơ thể sẽ có phản ứng để đưa nó trở lại như cũ, nhờ vậy tế bào và cơ thể mới hoạt động bình thường được.","dung"
"98","Sinh học 11","Cân bằng nội môi","Cân bằng nội môi là duy trì sự ổn định của môi trường trong cơ thể (như nồng độ glucose, pH máu, áp suất thẩm thấu, nhiệt độ) thông qua cơ chế điều hòa ngược, đảm bảo các hoạt động sống của tế bào và cơ thể diễn ra bình thường.","Cân bằng nội môi là duy trì sự ổn định của môi trường trong cơ thể như nồng độ glucose, pH máu, áp suất thẩm thấu, nhiệt độ thông qua cơ chế điều hòa ngược, đảm bảo hoạt động sống của tế bào và cơ thể diễn ra bình thường.","hoc_vet"
"99","Sinh học 11","Cân bằng nội môi","Cân bằng nội môi là duy trì sự ổn định của môi trường trong cơ thể (như nồng độ glucose, pH máu, áp suất thẩm thấu, nhiệt độ) thông qua cơ chế điều hòa ngược, đảm bảo các hoạt động sống của tế bào và cơ thể diễn ra bình thường.","Cân bằng nội môi là sự duy trì ổn định môi trường trong cơ thể, ví dụ nồng độ glucose, pH máu, áp suất thẩm thấu, nhiệt độ, nhờ cơ chế điều hòa ngược để các hoạt động sống của tế bào và cơ thể diễn ra bình thường.","hoc_vet"
"100","Sinh học 11","Cân bằng nội môi","Cân bằng nội môi là duy trì sự ổn định của môi trường trong cơ thể (như nồng độ glucose, pH máu, áp suất thẩm thấu, nhiệt độ) thông qua cơ chế điều hòa ngược, đảm bảo các hoạt động sống của tế bào và cơ thể diễn ra bình thường.","Cân bằng nội môi là quá trình cơ thể trao đổi chất với môi trường bên ngoài để lấy oxi và thải CO2 ra ngoài.","sai"
